unique_id,bildirimsiz_sum
2024-02-01-izmir-aliaga,5.823663639479735
2024-02-01-izmir-bayindir,5.275403916851543
2024-02-01-izmir-bayrakli,6.783630879516867
2024-02-01-izmir-bergama,6.026571528143231
2024-02-01-izmir-bornova,7.392121200037922
2024-02-01-izmir-buca,6.81831175840297
2024-02-01-izmir-cesme,7.119363006289428
2024-02-01-izmir-cigli,6.116164847410033
2024-02-01-izmir-dikili,6.063934833043895
2024-02-01-izmir-foca,6.040672804488491
2024-02-01-izmir-gaziemir,6.031281821293129
2024-02-01-izmir-guzelbahce,5.725554847610358
2024-02-01-izmir-karabaglar,6.088159032048248
2024-02-01-izmir-karaburun,6.0594415291224655
2024-02-01-izmir-karsiyaka,5.591267330772193
2024-02-01-izmir-kemalpasa,5.485017625617333
2024-02-01-izmir-kinik,5.512625911090852
2024-02-01-izmir-kiraz,4.983747948884825
2024-02-01-izmir-konak,5.695148482376256
2024-02-01-izmir-menderes,4.515767765597172
2024-02-01-izmir-menemen,4.47285545068924
2024-02-01-izmir-odemis,4.211004946719209
2024-02-01-izmir-seferihisar,4.5996125932120755
2024-02-01-izmir-tire,4.579285370252884
2024-02-01-izmir-torbali,4.760466484926988
2024-02-01-izmir-urla,4.3995506073769075
2024-02-01-manisa-akhisar,5.101677330676495
2024-02-01-manisa-alasehir,5.254429895309549
2024-02-01-manisa-demirci,4.249445131436927
2024-02-01-manisa-golmarmara,4.558325323343955
2024-02-01-manisa-gordes,4.305287566961721
2024-02-01-manisa-kirkagac,4.312131575373825
2024-02-01-manisa-koprubasi,4.635747618006851
2024-02-01-manisa-salihli,4.5702376868203185
2024-02-01-manisa-sarigol,4.8938537294533475
2024-02-01-manisa-saruhanli,4.892835752097483
2024-02-01-manisa-sehzadeler,4.731310634740009
2024-02-01-manisa-selendi,4.872460478904586
2024-02-01-manisa-soma,4.584973384684039
2024-02-01-manisa-turgutlu,4.755597516863474
2024-02-01-manisa-yunusemre,5.602703342846079
2024-02-01-izmir-balcova,5.823663639479735
2024-02-01-izmir-beydag,6.786712999007529
2024-02-01-izmir-narlidere,4.593298440530571
2024-02-01-izmir-selcuk,4.652139016527723
2024-02-01-manisa-kula,4.855153588357508
2024-02-01-manisa-ahmetli,4.864562081551064
2024-02-02-izmir-aliaga,5.275403916851543
2024-02-02-izmir-bayindir,5.275403916851543
2024-02-02-izmir-bayrakli,6.017673898671214
2024-02-02-izmir-bergama,6.318033914590657
2024-02-02-izmir-bornova,7.897298040448076
2024-02-02-izmir-buca,7.118633532457476
2024-02-02-izmir-cesme,7.001759102724662
2024-02-02-izmir-cigli,6.116164847410033
2024-02-02-izmir-dikili,7.2449290776351045
2024-02-02-izmir-foca,5.717888299678759
2024-02-02-izmir-gaziemir,5.708497316483397
2024-02-02-izmir-guzelbahce,6.04833935242009
2024-02-02-izmir-karabaglar,6.088159032048248
2024-02-02-izmir-karaburun,6.0594415291224655
2024-02-02-izmir-karsiyaka,5.914051835581926
2024-02-02-izmir-kemalpasa,5.485017625617333
2024-02-02-izmir-kinik,5.835410415900586
2024-02-02-izmir-kiraz,5.30653245369456
2024-02-02-izmir-konak,5.119263480912682
2024-02-02-izmir-menderes,4.668958896841643
2024-02-02-izmir-menemen,4.626046581933709
2024-02-02-izmir-odemis,4.637452212132052
2024-02-02-izmir-seferihisar,4.256279021777393
2024-02-02-izmir-tire,4.579285370252884
2024-02-02-izmir-torbali,4.760466484926988
2024-02-02-izmir-urla,4.3995506073769075
2024-02-02-manisa-akhisar,5.101677330676495
2024-02-02-manisa-alasehir,5.113280051144972
2024-02-02-manisa-demirci,4.573061174069953
2024-02-02-manisa-golmarmara,4.558325323343955
2024-02-02-manisa-gordes,4.628903609594747
2024-02-02-manisa-kirkagac,4.635747618006851
2024-02-02-manisa-koprubasi,4.635747618006851
2024-02-02-manisa-salihli,4.5702376868203185
2024-02-02-manisa-sarigol,4.8938537294533475
2024-02-02-manisa-saruhanli,4.892835752097483
2024-02-02-manisa-sehzadeler,4.9347829310368665
2024-02-02-manisa-selendi,4.872460478904586
2024-02-02-manisa-soma,4.877127659719287
2024-02-02-manisa-turgutlu,4.755597516863474
2024-02-02-manisa-yunusemre,5.602703342846079
2024-02-02-izmir-balcova,5.823663639479735
2024-02-02-izmir-beydag,6.786712999007529
2024-02-02-izmir-narlidere,4.510184746552409
2024-02-02-izmir-selcuk,4.652139016527723
2024-02-02-manisa-kula,4.531537545724479
2024-02-02-manisa-ahmetli,4.864562081551064
2024-02-03-izmir-aliaga,5.635335433651534
2024-02-03-izmir-bayindir,5.08707571102334
2024-02-03-izmir-bayrakli,6.595302673688665
2024-02-03-izmir-bergama,6.3203926004960636
2024-02-03-izmir-bornova,7.203792994209718
2024-02-03-izmir-buca,6.6299835525747675
2024-02-03-izmir-cesme,6.5131091228419535
2024-02-03-izmir-cigli,6.250621146391566
2024-02-03-izmir-dikili,5.875606627215692
2024-02-03-izmir-foca,5.85234459866029
2024-02-03-izmir-gaziemir,5.5201691106551944
2024-02-03-izmir-guzelbahce,5.860011146591888
2024-02-03-izmir-karabaglar,6.26311065673818
2024-02-03-izmir-karaburun,5.871113323294263
2024-02-03-izmir-karsiyaka,5.725723629753723
2024-02-03-izmir-kemalpasa,5.29668941978913
2024-02-03-izmir-kinik,5.647082210072384
2024-02-03-izmir-kiraz,5.079502229345987
2024-02-03-izmir-konak,4.941194084379951
2024-02-03-izmir-menderes,4.578561516298942
2024-02-03-izmir-menemen,4.154819869467189
2024-02-03-izmir-odemis,4.426445377122054
2024-02-03-izmir-seferihisar,4.128385880745556
2024-02-03-izmir-tire,4.451392229221046
2024-02-03-izmir-torbali,4.63257334389515
2024-02-03-izmir-urla,4.645349039983957
2024-02-03-manisa-akhisar,5.297400232277685
2024-02-03-manisa-alasehir,4.802920711644682
2024-02-03-manisa-demirci,4.425073728046345
2024-02-03-manisa-golmarmara,4.086721834687321
2024-02-03-manisa-gordes,4.48091616357114
2024-02-03-manisa-kirkagac,4.487760171983244
2024-02-03-manisa-koprubasi,4.487760171983244
2024-02-03-manisa-salihli,4.74586628342974
2024-02-03-manisa-sarigol,4.74586628342974
2024-02-03-manisa-saruhanli,4.744848306073875
2024-02-03-manisa-sehzadeler,4.40085699024795
2024-02-03-manisa-selendi,4.40085699024795
2024-02-03-manisa-soma,4.72914021369568
2024-02-03-manisa-turgutlu,4.669028302322715
2024-02-03-manisa-yunusemre,5.535328513927045
2024-02-03-izmir-balcova,5.635335433651534
2024-02-03-izmir-beydag,6.598384793179326
2024-02-03-izmir-narlidere,4.038958034085889
2024-02-03-izmir-selcuk,4.180912304061203
2024-02-03-manisa-kula,5.477865053997496
2024-02-03-manisa-ahmetli,4.736668940519225
2024-02-04-izmir-aliaga,5.219787531472106
2024-02-04-izmir-bayindir,5.7680472541002965
2024-02-04-izmir-bayrakli,6.72801449413743
2024-02-04-izmir-bergama,6.26241752921122
2024-02-04-izmir-bornova,7.8275134804466
2024-02-04-izmir-buca,7.180621050642805
2024-02-04-izmir-cesme,6.946142717345225
2024-02-04-izmir-cigli,6.383332966840332
2024-02-04-izmir-dikili,6.331102952474193
2024-02-04-izmir-foca,5.985056419109053
2024-02-04-izmir-gaziemir,5.975665435913692
2024-02-04-izmir-guzelbahce,5.9927229670406525
2024-02-04-izmir-karabaglar,6.03254264666881
2024-02-04-izmir-karaburun,6.003825143743027
2024-02-04-izmir-karsiyaka,5.535650945392755
2024-02-04-izmir-kemalpasa,6.120677145627221
2024-02-04-izmir-kinik,5.779794030521147
2024-02-04-izmir-kiraz,5.261174877610594
2024-02-04-izmir-konak,5.417239476263399
2024-02-04-izmir-menderes,4.673777576258569
2024-02-04-izmir-menemen,4.297378964965999
2024-02-04-izmir-odemis,4.569004472620863
2024-02-04-izmir-seferihisar,4.614278547679049
2024-02-04-izmir-tire,4.593951324719857
2024-02-04-izmir-torbali,4.576785363242138
2024-02-04-izmir-urla,4.41421656184388
2024-02-04-manisa-akhisar,5.439959327776496
2024-02-04-manisa-alasehir,4.945479807143494
2024-02-04-manisa-demirci,4.567632823545157
2024-02-04-manisa-golmarmara,4.552896972819159
2024-02-04-manisa-gordes,4.623475259069952
2024-02-04-manisa-kirkagac,4.630319267482055
2024-02-04-manisa-koprubasi,4.630319267482055
2024-02-04-manisa-salihli,4.888425378928551
2024-02-04-manisa-sarigol,4.888425378928551
2024-02-04-manisa-saruhanli,4.887407401572686
2024-02-04-manisa-sehzadeler,4.8763628175064255
2024-02-04-manisa-selendi,4.867032128379789
2024-02-04-manisa-soma,4.87169930919449
2024-02-04-manisa-turgutlu,4.923556359080052
2024-02-04-manisa-yunusemre,5.693617981469739
2024-02-04-izmir-balcova,5.7680472541002965
2024-02-04-izmir-beydag,6.7310966136280905
2024-02-04-izmir-narlidere,4.524850701019381
2024-02-04-izmir-selcuk,4.666804970994698
2024-02-04-manisa-kula,4.849725237832711
2024-02-04-manisa-ahmetli,4.879228036018036
2024-02-05-izmir-aliaga,5.7680472541002965
2024-02-05-izmir-bayindir,5.219787531472106
2024-02-05-izmir-bayrakli,6.72801449413743
2024-02-05-izmir-bergama,5.970955142763794
2024-02-05-izmir-bornova,7.841681655068637
2024-02-05-izmir-buca,7.180621050642805
2024-02-05-izmir-cesme,6.645820943290717
2024-02-05-izmir-cigli,6.060548462030596
2024-02-05-izmir-dikili,6.331102952474193
2024-02-05-izmir-foca,5.985056419109053
2024-02-05-izmir-gaziemir,5.975665435913692
2024-02-05-izmir-guzelbahce,5.9927229670406525
2024-02-05-izmir-karabaglar,5.709758141859076
2024-02-05-izmir-karaburun,6.003825143743027
2024-02-05-izmir-karsiyaka,5.858435450202489
2024-02-05-izmir-kemalpasa,5.752185745047628
2024-02-05-izmir-kinik,5.779794030521147
2024-02-05-izmir-kiraz,4.93839037280086
2024-02-05-izmir-konak,5.264048345018929
2024-02-05-izmir-menderes,4.520586445014098
2024-02-05-izmir-menemen,4.655280884448125
2024-02-05-izmir-odemis,4.225670901186181
2024-02-05-izmir-seferihisar,4.270944976244365
2024-02-05-izmir-tire,4.593951324719857
2024-02-05-izmir-torbali,4.7751324393939605
2024-02-05-izmir-urla,4.787908135482768
2024-02-05-manisa-akhisar,5.298809483611919
2024-02-05-manisa-alasehir,4.945479807143494
2024-02-05-manisa-demirci,4.567632823545157
2024-02-05-manisa-golmarmara,4.552896972819159
2024-02-05-manisa-gordes,4.623475259069952
2024-02-05-manisa-kirkagac,4.630319267482055
2024-02-05-manisa-koprubasi,4.630319267482055
2024-02-05-manisa-salihli,4.747275534763974
2024-02-05-manisa-sarigol,4.5648093362955215
2024-02-05-manisa-saruhanli,4.887407401572686
2024-02-05-manisa-sehzadeler,5.073754225002277
2024-02-05-manisa-selendi,4.867032128379789
2024-02-05-manisa-soma,4.912491765918908
2024-02-05-manisa-turgutlu,4.923556359080052
2024-02-05-manisa-yunusemre,5.47175862520603
2024-02-05-izmir-balcova,5.7680472541002965
2024-02-05-izmir-beydag,6.7310966136280905
2024-02-05-izmir-narlidere,4.524850701019381
2024-02-05-izmir-selcuk,4.666804970994698
2024-02-05-manisa-kula,4.849725237832711
2024-02-05-manisa-ahmetli,4.879228036018036
2024-02-06-izmir-aliaga,6.41049002034842
2024-02-06-izmir-bayindir,5.862230297720229
2024-02-06-izmir-bayrakli,6.6045002795399
2024-02-06-izmir-bergama,6.901091412846532
2024-02-06-izmir-bornova,8.750146251858835
2024-02-06-izmir-buca,8.176336810223882
2024-02-06-izmir-cesme,7.653142945157198
2024-02-06-izmir-cigli,6.9020369218616935
2024-02-06-izmir-dikili,6.549485133441047
2024-02-06-izmir-foca,6.526223104885645
2024-02-06-izmir-gaziemir,6.516832121690284
2024-02-06-izmir-guzelbahce,6.533889652817244
2024-02-06-izmir-karabaglar,6.747123319734873
2024-02-06-izmir-karaburun,6.547527243599465
2024-02-06-izmir-karsiyaka,6.0793530452491895
2024-02-06-izmir-kemalpasa,6.295887844904064
2024-02-06-izmir-kinik,6.000711625567849
2024-02-06-izmir-kiraz,5.946603041384797
2024-02-06-izmir-konak,5.617608004685152
2024-02-06-izmir-menderes,5.217479676115005
2024-02-06-izmir-menemen,5.031223505012649
2024-02-06-izmir-odemis,4.7693730010426165
2024-02-06-izmir-seferihisar,5.157980647535485
2024-02-06-izmir-tire,5.1376534245762935
2024-02-06-izmir-torbali,4.94514296561151
2024-02-06-izmir-urla,5.140384860168767
2024-02-06-manisa-akhisar,5.660045384999904
2024-02-06-manisa-alasehir,6.035575189027567
2024-02-06-manisa-demirci,5.111334923401593
2024-02-06-manisa-golmarmara,5.096599072675596
2024-02-06-manisa-gordes,5.167177358926388
2024-02-06-manisa-kirkagac,5.174021367338492
2024-02-06-manisa-koprubasi,5.174021367338492
2024-02-06-manisa-salihli,5.432127478784986
2024-02-06-manisa-sarigol,5.290977634620409
2024-02-06-manisa-saruhanli,5.4311095014291215
2024-02-06-manisa-sehzadeler,5.269584384071648
2024-02-06-manisa-selendi,5.828720090652828
2024-02-06-manisa-soma,5.1232471340156795
2024-02-06-manisa-turgutlu,5.235307264997764
2024-02-06-manisa-yunusemre,5.960255238274234
2024-02-06-izmir-balcova,6.41049002034842
2024-02-06-izmir-beydag,7.369770497263403
2024-02-06-izmir-narlidere,5.068552800875818
2024-02-06-izmir-selcuk,5.210507070851134
2024-02-06-manisa-kula,5.393427337689147
2024-02-06-manisa-ahmetli,5.422930135874472
2024-02-07-izmir-aliaga,6.3878863828633365
2024-02-07-izmir-bayindir,6.3878863828633365
2024-02-07-izmir-bayrakli,7.34785362290047
2024-02-07-izmir-bergama,7.133268068731544
2024-02-07-izmir-bornova,8.733751522918682
2024-02-07-izmir-buca,8.159942081283727
2024-02-07-izmir-cesme,7.145739550428931
2024-02-07-izmir-cigli,6.885642192921541
2024-02-07-izmir-dikili,6.5330904045008955
2024-02-07-izmir-foca,6.503619467400561
2024-02-07-izmir-gaziemir,6.4942284842052
2024-02-07-izmir-guzelbahce,6.511286015332161
2024-02-07-izmir-karabaglar,6.5562955212714105
2024-02-07-izmir-karaburun,6.52492360611438
2024-02-07-izmir-karsiyaka,6.754234221698366
2024-02-07-izmir-kemalpasa,6.273284207418982
2024-02-07-izmir-kinik,6.300892492892501
2024-02-07-izmir-kiraz,5.782273339981947
2024-02-07-izmir-konak,5.938337938634753
2024-02-07-izmir-menderes,5.194876038629922
2024-02-07-izmir-menemen,4.824686335882282
2024-02-07-izmir-odemis,4.95867429521775
2024-02-07-izmir-seferihisar,5.1353770100504015
2024-02-07-izmir-tire,5.141477742527427
2024-02-07-izmir-torbali,5.001612728553789
2024-02-07-izmir-urla,5.196854623111046
2024-02-07-manisa-akhisar,5.898981346410633
2024-02-07-manisa-alasehir,5.545651669942208
2024-02-07-manisa-demirci,4.844188643710844
2024-02-07-manisa-golmarmara,5.146859927072944
2024-02-07-manisa-gordes,5.217438213323736
2024-02-07-manisa-kirkagac,5.224282221735839
2024-02-07-manisa-koprubasi,5.224282221735839
2024-02-07-manisa-salihli,5.482388333182334
2024-02-07-manisa-sarigol,5.164981199094237
2024-02-07-manisa-saruhanli,5.481370355826469
2024-02-07-manisa-sehzadeler,5.143587948545476
2024-02-07-manisa-selendi,5.4609950826335725
2024-02-07-manisa-soma,5.465662263448274
2024-02-07-manisa-turgutlu,5.517519313333836
2024-02-07-manisa-yunusemre,6.23237544893529
2024-02-07-izmir-balcova,6.3878863828633365
2024-02-07-izmir-beydag,7.347166859778319
2024-02-07-izmir-narlidere,5.045949163390734
2024-02-07-izmir-selcuk,5.187903433366051
2024-02-07-manisa-kula,5.475282932530185
2024-02-07-manisa-ahmetli,5.47319099027182
2024-02-08-izmir-aliaga,6.3878863828633365
2024-02-08-izmir-bayindir,6.3878863828633365
2024-02-08-izmir-bayrakli,7.34785362290047
2024-02-08-izmir-bergama,7.133268068731544
2024-02-08-izmir-bornova,8.522487757124566
2024-02-08-izmir-buca,9.190079531994108
2024-02-08-izmir-cesme,7.636748216217045
2024-02-08-izmir-cigli,6.90189601513184
2024-02-08-izmir-dikili,6.5330904045008955
2024-02-08-izmir-foca,6.503619467400561
2024-02-08-izmir-gaziemir,6.4942284842052
2024-02-08-izmir-guzelbahce,6.511286015332161
2024-02-08-izmir-karabaglar,6.5562955212714105
2024-02-08-izmir-karaburun,6.208348009849576
2024-02-08-izmir-karsiyaka,6.379533912573841
2024-02-08-izmir-kemalpasa,6.273284207418982
2024-02-08-izmir-kinik,6.300892492892501
2024-02-08-izmir-kiraz,5.782273339981947
2024-02-08-izmir-konak,5.982042607668821
2024-02-08-izmir-menderes,5.194876038629922
2024-02-08-izmir-menemen,5.014828776072496
2024-02-08-izmir-odemis,5.126433774509664
2024-02-08-izmir-seferihisar,5.1353770100504015
2024-02-08-izmir-tire,5.141477742527427
2024-02-08-izmir-torbali,5.343492902104188
2024-02-08-izmir-urla,5.381871089736551
2024-02-08-manisa-akhisar,5.716515147942182
2024-02-08-manisa-alasehir,5.863058804030304
2024-02-08-manisa-demirci,5.026654842179296
2024-02-08-manisa-golmarmara,5.146859927072944
2024-02-08-manisa-gordes,5.217438213323736
2024-02-08-manisa-kirkagac,5.224282221735839
2024-02-08-manisa-koprubasi,5.224282221735839
2024-02-08-manisa-salihli,5.164981199094237
2024-02-08-manisa-sarigol,5.482388333182334
2024-02-08-manisa-saruhanli,5.481370355826469
2024-02-08-manisa-sehzadeler,5.4609950826335725
2024-02-08-manisa-selendi,5.4609950826335725
2024-02-08-manisa-soma,5.179716896957958
2024-02-08-manisa-turgutlu,5.291777027940043
2024-02-08-manisa-yunusemre,6.228777043602969
2024-02-08-izmir-balcova,6.3878863828633365
2024-02-08-izmir-beydag,7.347166859778319
2024-02-08-izmir-narlidere,5.045949163390734
2024-02-08-izmir-selcuk,5.187903433366051
2024-02-08-manisa-kula,5.443688192086495
2024-02-08-manisa-ahmetli,5.47319099027182
2024-02-09-izmir-aliaga,6.61922652192847
2024-02-09-izmir-bayindir,6.077175707845207
2024-02-09-izmir-bayrakli,7.3955085810482775
2024-02-09-izmir-bergama,7.269894547323147
2024-02-09-izmir-bornova,8.420125623666546
2024-02-09-izmir-buca,8.014499168016592
2024-02-09-izmir-cesme,7.827313074966566
2024-02-09-izmir-cigli,7.09246087388136
2024-02-09-izmir-dikili,7.040230859515223
2024-02-09-izmir-foca,6.694184326150083
2024-02-09-izmir-gaziemir,6.6847933429547215
2024-02-09-izmir-guzelbahce,6.701850874081682
2024-02-09-izmir-karabaglar,6.746860380020933
2024-02-09-izmir-karaburun,6.7154884648639035
2024-02-09-izmir-karsiyaka,6.253523175058557
2024-02-09-izmir-kemalpasa,6.463849066168502
2024-02-09-izmir-kinik,6.4914573516420235
2024-02-09-izmir-kiraz,5.972838198731468
2024-02-09-izmir-konak,5.79177813449452
2024-02-09-izmir-menderes,5.04831623448969
2024-02-09-izmir-menemen,5.205393634822017
2024-02-09-izmir-odemis,5.149239153967272
2024-02-09-izmir-seferihisar,5.325941868799923
2024-02-09-izmir-tire,5.332042601276948
2024-02-09-izmir-torbali,5.660352051813483
2024-02-09-izmir-urla,5.305645082808334
2024-02-09-manisa-akhisar,6.356773680639706
2024-02-09-manisa-alasehir,6.154315462196043
2024-02-09-manisa-demirci,5.3179115003450335
2024-02-09-manisa-golmarmara,5.4381165852386815
2024-02-09-manisa-gordes,5.191287737401376
2024-02-09-manisa-kirkagac,5.515538879901577
2024-02-09-manisa-koprubasi,5.515538879901577
2024-02-09-manisa-salihli,5.456237857259975
2024-02-09-manisa-sarigol,5.638704055728426
2024-02-09-manisa-saruhanli,5.7726270139922065
2024-02-09-manisa-sehzadeler,5.434844606711214
2024-02-09-manisa-selendi,5.75225174079931
2024-02-09-manisa-soma,5.470973555123696
2024-02-09-manisa-turgutlu,5.610616376465442
2024-02-09-manisa-yunusemre,6.407929737122342
2024-02-09-izmir-balcova,6.61922652192847
2024-02-09-izmir-beydag,7.001644060188887
2024-02-09-izmir-narlidere,5.2365140221402555
2024-02-09-izmir-selcuk,5.378468292115571
2024-02-09-manisa-kula,5.734944850252232
2024-02-09-manisa-ahmetli,5.764447648437558
2024-02-10-izmir-aliaga,6.054222198395118
2024-02-10-izmir-bayindir,6.054222198395118
2024-02-10-izmir-bayrakli,7.37255507159819
2024-02-10-izmir-bergama,6.764791759692024
2024-02-10-izmir-bornova,8.20648522248285
2024-02-10-izmir-buca,7.430225329461177
2024-02-10-izmir-cesme,7.313350899728363
2024-02-10-izmir-cigli,6.752931768166468
2024-02-10-izmir-dikili,6.700701753800329
2024-02-10-izmir-foca,6.671230816699995
2024-02-10-izmir-gaziemir,6.661839833504634
2024-02-10-izmir-guzelbahce,6.3623217683667885
2024-02-10-izmir-karabaglar,6.407331274306038
2024-02-10-izmir-karaburun,6.375959359149009
2024-02-10-izmir-karsiyaka,6.5471452618732755
2024-02-10-izmir-kemalpasa,6.12431996045361
2024-02-10-izmir-kinik,6.468503842191934
2024-02-10-izmir-kiraz,5.94988468928138
2024-02-10-izmir-konak,6.219965620285465
2024-02-10-izmir-menderes,5.025362725039602
2024-02-10-izmir-menemen,4.992297685181716
2024-02-10-izmir-odemis,5.25771428429165
2024-02-10-izmir-seferihisar,5.302988359349835
2024-02-10-izmir-tire,5.30908909182686
2024-02-10-izmir-torbali,5.2699158772694386
2024-02-10-izmir-urla,5.650174238452201
2024-02-10-manisa-akhisar,6.167284495126283
2024-02-10-manisa-alasehir,6.131361952745955
2024-02-10-manisa-demirci,5.294957990894945
2024-02-10-manisa-golmarmara,5.415163075788593
2024-02-10-manisa-gordes,5.485741362039386
2024-02-10-manisa-kirkagac,5.492585370451489
2024-02-10-manisa-koprubasi,5.492585370451489
2024-02-10-manisa-salihli,5.615750546278338
2024-02-10-manisa-sarigol,5.433284347809888
2024-02-10-manisa-saruhanli,5.432266370454023
2024-02-10-manisa-sehzadeler,5.411891097261126
2024-02-10-manisa-selendi,5.7292982313492224
2024-02-10-manisa-soma,5.733965412163924
2024-02-10-manisa-turgutlu,5.813405152409146
2024-02-10-manisa-yunusemre,6.381377822339933
2024-02-10-izmir-balcova,6.596273012478381
2024-02-10-izmir-beydag,7.518724322011389
2024-02-10-izmir-narlidere,5.213560512690168
2024-02-10-izmir-selcuk,5.355514782665483
2024-02-10-manisa-kula,5.394584206714049
2024-02-10-manisa-ahmetli,5.74149413898747
2024-02-11-izmir-aliaga,6.596273012478381
2024-02-11-izmir-bayindir,6.596273012478381
2024-02-11-izmir-bayrakli,7.37255507159819
2024-02-11-izmir-bergama,7.304825530964615
2024-02-11-izmir-bornova,8.20648522248285
2024-02-11-izmir-buca,7.730547103515685
2024-02-11-izmir-cesme,7.313350899728363
2024-02-11-izmir-cigli,7.0695073644312725
2024-02-11-izmir-dikili,7.017277350065134
2024-02-11-izmir-foca,6.671230816699995
2024-02-11-izmir-gaziemir,6.661839833504634
2024-02-11-izmir-guzelbahce,6.678897364631594
2024-02-11-izmir-karabaglar,6.407331274306038
2024-02-11-izmir-karaburun,6.692534955413816
2024-02-11-izmir-karsiyaka,6.5471452618732755
2024-02-11-izmir-kemalpasa,6.429853304569578
2024-02-11-izmir-kinik,6.468503842191934
2024-02-11-izmir-kiraz,5.633309093016576
2024-02-11-izmir-konak,6.105949287934186
2024-02-11-izmir-menderes,5.025362725039602
2024-02-11-izmir-menemen,4.992297685181716
2024-02-11-izmir-odemis,5.25771428429165
2024-02-11-izmir-seferihisar,5.302988359349835
2024-02-11-izmir-tire,4.941606426732903
2024-02-11-izmir-torbali,5.611796050819837
2024-02-11-izmir-urla,5.650174238452201
2024-02-11-manisa-akhisar,5.984818296657831
2024-02-11-manisa-alasehir,5.813954818657858
2024-02-11-manisa-demirci,5.4614936669582805
2024-02-11-manisa-golmarmara,5.415163075788593
2024-02-11-manisa-gordes,5.485741362039386
2024-02-11-manisa-kirkagac,5.492585370451489
2024-02-11-manisa-koprubasi,5.175178236363392
2024-02-11-manisa-salihli,5.7506914818979835
2024-02-11-manisa-sarigol,5.7506914818979835
2024-02-11-manisa-saruhanli,5.614732568922474
2024-02-11-manisa-sehzadeler,5.7292982313492224
2024-02-11-manisa-selendi,5.7292982313492224
2024-02-11-manisa-soma,5.4480200456736085
2024-02-11-manisa-turgutlu,5.813405152409146
2024-02-11-manisa-yunusemre,6.381377822339933
2024-02-11-izmir-balcova,6.596273012478381
2024-02-11-izmir-beydag,6.978690550738799
2024-02-11-izmir-narlidere,5.213560512690168
2024-02-11-izmir-selcuk,5.355514782665483
2024-02-11-manisa-kula,5.394584206714049
2024-02-11-manisa-ahmetli,5.74149413898747
2024-02-12-izmir-aliaga,7.050533429595802
2024-02-12-izmir-bayindir,7.050533429595802
2024-02-12-izmir-bayrakli,7.0052126692882295
2024-02-12-izmir-bergama,7.157197429682785
2024-02-12-izmir-bornova,8.598890892473612
2024-02-12-izmir-buca,7.822630999451938
2024-02-12-izmir-cesme,8.179328085920126
2024-02-12-izmir-cigli,7.145337438157228
2024-02-12-izmir-dikili,7.471537767182555
2024-02-12-izmir-foca,7.1254912338174154
2024-02-12-izmir-gaziemir,7.116100250622054
2024-02-12-izmir-guzelbahce,7.133157781749015
2024-02-12-izmir-karabaglar,7.1781672876882645
2024-02-12-izmir-karaburun,7.146795372531236
2024-02-12-izmir-karsiyaka,7.001405678990697
2024-02-12-izmir-kemalpasa,6.895155973835836
2024-02-12-izmir-kinik,6.922764259309355
2024-02-12-izmir-kiraz,6.299538440001229
2024-02-12-izmir-konak,6.560209705051604
2024-02-12-izmir-menderes,5.816747805046775
2024-02-12-izmir-menemen,5.384703355172476
2024-02-12-izmir-odemis,5.711974701409071
2024-02-12-izmir-seferihisar,5.757248776467256
2024-02-12-izmir-tire,5.748288937863972
2024-02-12-izmir-torbali,5.684304166580894
2024-02-12-izmir-urla,5.6970798626697015
2024-02-12-manisa-akhisar,6.7414252767830405
2024-02-12-manisa-alasehir,6.570561798783066
2024-02-12-manisa-demirci,5.709346280206401
2024-02-12-manisa-golmarmara,5.854362921825705
2024-02-12-manisa-gordes,5.924941208076498
2024-02-12-manisa-kirkagac,5.931785216488601
2024-02-12-manisa-koprubasi,5.931785216488601
2024-02-12-manisa-salihli,5.847672637121343
2024-02-12-manisa-sarigol,6.189891327935095
2024-02-12-manisa-saruhanli,6.1888733505792315
2024-02-12-manisa-sehzadeler,6.168498077386334
2024-02-12-manisa-selendi,6.168498077386334
2024-02-12-manisa-soma,6.044874533453514
2024-02-12-manisa-turgutlu,6.2906408798442115
2024-02-12-manisa-yunusemre,6.621749950662883
2024-02-12-izmir-balcova,7.050533429595802
2024-02-12-izmir-beydag,7.37109622072956
2024-02-12-izmir-narlidere,5.667820929807588
2024-02-12-izmir-selcuk,5.835150908347375
2024-02-12-manisa-kula,6.151191186839256
2024-02-12-manisa-ahmetli,6.180693985024581
2024-02-13-izmir-aliaga,6.13448746304351
2024-02-13-izmir-bayindir,6.738393024253431
2024-02-13-izmir-bayrakli,7.169648630744359
2024-02-13-izmir-bergama,7.446945542739666
2024-02-13-izmir-bornova,8.759012807976177
2024-02-13-izmir-buca,7.510490594109566
2024-02-13-izmir-cesme,7.393616164376754
2024-02-13-izmir-cigli,7.211627376206321
2024-02-13-izmir-dikili,7.159397361840185
2024-02-13-izmir-foca,6.813350828475046
2024-02-13-izmir-gaziemir,6.803959845279684
2024-02-13-izmir-guzelbahce,6.821017376406645
2024-02-13-izmir-karabaglar,6.866026882345894
2024-02-13-izmir-karaburun,6.761757967913368
2024-02-13-izmir-karsiyaka,6.310834930256861
2024-02-13-izmir-kemalpasa,6.583015568493464
2024-02-13-izmir-kinik,6.610623853966985
2024-02-13-izmir-kiraz,6.092004701056431
2024-02-13-izmir-konak,6.248069299709234
2024-02-13-izmir-menderes,5.504607399704405
2024-02-13-izmir-menemen,5.072562949830106
2024-02-13-izmir-odemis,5.3998342960667
2024-02-13-izmir-seferihisar,5.445108371124887
2024-02-13-izmir-tire,5.436148532521601
2024-02-13-izmir-torbali,5.372163761238523
2024-02-13-izmir-urla,5.804252995176328
2024-02-13-manisa-akhisar,6.42928487144067
2024-02-13-manisa-alasehir,6.258421393440695
2024-02-13-manisa-demirci,5.214739676395579
2024-02-13-manisa-golmarmara,5.542222516483334
2024-02-13-manisa-gordes,5.612800802734126
2024-02-13-manisa-kirkagac,5.61964481114623
2024-02-13-manisa-koprubasi,5.61964481114623
2024-02-13-manisa-salihli,5.877750922592726
2024-02-13-manisa-sarigol,5.877750922592726
2024-02-13-manisa-saruhanli,5.876732945236861
2024-02-13-manisa-sehzadeler,5.514138981230211
2024-02-13-manisa-selendi,5.514138981230211
2024-02-13-manisa-soma,5.732734128111144
2024-02-13-manisa-turgutlu,5.727946632382392
2024-02-13-manisa-yunusemre,6.557094658312581
2024-02-13-izmir-balcova,6.738393024253431
2024-02-13-izmir-beydag,7.660844333786438
2024-02-13-izmir-narlidere,5.3556805244652175
2024-02-13-izmir-selcuk,5.523010503005004
2024-02-13-manisa-kula,5.839050781496886
2024-02-13-manisa-ahmetli,5.868553579682211
2024-02-14-izmir-aliaga,6.738393024253431
2024-02-14-izmir-bayindir,6.738393024253431
2024-02-14-izmir-bayrakli,6.978961739010751
2024-02-14-izmir-bergama,7.446945542739666
2024-02-14-izmir-bornova,8.759012807976177
2024-02-14-izmir-buca,7.510490594109566
2024-02-14-izmir-cesme,7.693937938431261
2024-02-14-izmir-cigli,7.211627376206321
2024-02-14-izmir-dikili,6.78096701844872
2024-02-14-izmir-foca,6.43492048508358
2024-02-14-izmir-gaziemir,6.803959845279684
2024-02-14-izmir-guzelbahce,6.821017376406645
2024-02-14-izmir-karabaglar,6.866026882345894
2024-02-14-izmir-karaburun,6.834654967188865
2024-02-14-izmir-karsiyaka,6.689265273648326
2024-02-14-izmir-kemalpasa,6.510118569217969
2024-02-14-izmir-kinik,6.610623853966985
2024-02-14-izmir-kiraz,6.092004701056431
2024-02-14-izmir-konak,6.248069299709234
2024-02-14-izmir-menderes,5.504607399704405
2024-02-14-izmir-menemen,5.072562949830106
2024-02-14-izmir-odemis,5.3998342960667
2024-02-14-izmir-seferihisar,5.445108371124887
2024-02-14-izmir-tire,5.436148532521601
2024-02-14-izmir-torbali,5.764457983058136
2024-02-14-izmir-urla,5.804252995176328
2024-02-14-manisa-akhisar,6.42928487144067
2024-02-14-manisa-alasehir,6.258421393440695
2024-02-14-manisa-demirci,5.214739676395579
2024-02-14-manisa-golmarmara,5.542222516483334
2024-02-14-manisa-gordes,5.612800802734126
2024-02-14-manisa-kirkagac,5.61964481114623
2024-02-14-manisa-koprubasi,5.61964481114623
2024-02-14-manisa-salihli,5.535532231778973
2024-02-14-manisa-sarigol,5.877750922592726
2024-02-14-manisa-saruhanli,5.534514254423108
2024-02-14-manisa-sehzadeler,5.514138981230211
2024-02-14-manisa-selendi,5.8563576720439645
2024-02-14-manisa-soma,5.861024852858666
2024-02-14-manisa-turgutlu,5.978500474501841
2024-02-14-manisa-yunusemre,6.557094658312581
2024-02-14-izmir-balcova,6.738393024253431
2024-02-14-izmir-beydag,7.660844333786438
2024-02-14-izmir-narlidere,5.3556805244652175
2024-02-14-izmir-selcuk,5.523010503005004
2024-02-14-manisa-kula,5.679298289151584
2024-02-14-manisa-ahmetli,5.868553579682211
2024-02-15-izmir-aliaga,6.86008515129158
2024-02-15-izmir-bayindir,6.86008515129158
2024-02-15-izmir-bayrakli,7.636367210411385
2024-02-15-izmir-bergama,7.43101433961996
2024-02-15-izmir-bornova,8.461506175745143
2024-02-15-izmir-buca,8.055879720095188
2024-02-15-izmir-cesme,7.743221243739251
2024-02-15-izmir-cigli,7.2609106815143125
2024-02-15-izmir-dikili,7.208680667148175
2024-02-15-izmir-foca,6.862634133783036
2024-02-15-izmir-gaziemir,6.853243150587675
2024-02-15-izmir-guzelbahce,6.870300681714635
2024-02-15-izmir-karabaglar,6.915310187653883
2024-02-15-izmir-karaburun,6.883938272496856
2024-02-15-izmir-karsiyaka,6.360118235564851
2024-02-15-izmir-kemalpasa,6.253868530409991
2024-02-15-izmir-kinik,6.659907159274974
2024-02-15-izmir-kiraz,6.036681339966851
2024-02-15-izmir-konak,6.297352605017226
2024-02-15-izmir-menderes,5.553890705012397
2024-02-15-izmir-menemen,5.479748174620225
2024-02-15-izmir-odemis,5.050138191358278
2024-02-15-izmir-seferihisar,5.494391676432876
2024-02-15-izmir-tire,5.4854318378295925
2024-02-15-izmir-torbali,5.813741288366127
2024-02-15-izmir-urla,5.43422276263532
2024-02-15-manisa-akhisar,6.47856817674866
2024-02-15-manisa-alasehir,6.307704698748686
2024-02-15-manisa-demirci,5.606241672517323
2024-02-15-manisa-golmarmara,5.249287130977571
2024-02-15-manisa-gordes,5.319865417228364
2024-02-15-manisa-kirkagac,5.668928116454222
2024-02-15-manisa-koprubasi,5.668928116454222
2024-02-15-manisa-salihli,5.7672817355554145
2024-02-15-manisa-sarigol,5.927034227900716
2024-02-15-manisa-saruhanli,5.926016250544851
2024-02-15-manisa-sehzadeler,5.7458884850066525
2024-02-15-manisa-selendi,5.905640977351954
2024-02-15-manisa-soma,5.599551234950685
2024-02-15-manisa-turgutlu,6.027783779809831
2024-02-15-manisa-yunusemre,6.577968001562594
2024-02-15-izmir-balcova,6.86008515129158
2024-02-15-izmir-beydag,7.6449131306667315
2024-02-15-izmir-narlidere,5.404963829773209
2024-02-15-izmir-selcuk,5.572293808312995
2024-02-15-manisa-kula,5.888334086804877
2024-02-15-manisa-ahmetli,5.52554266317059
2024-02-16-izmir-aliaga,7.10467775872712
2024-02-16-izmir-bayindir,7.10467775872712
2024-02-16-izmir-bayrakli,7.640943859979643
2024-02-16-izmir-bergama,7.893804355057702
2024-02-16-izmir-bornova,9.014429570743289
2024-02-16-izmir-buca,8.2774928967253
2024-02-16-izmir-cesme,8.69809529626512
2024-02-16-izmir-cigli,7.365092069803778
2024-02-16-izmir-dikili,7.671470682585918
2024-02-16-izmir-foca,7.304444731430719
2024-02-16-izmir-gaziemir,7.2950537482353575
2024-02-16-izmir-guzelbahce,7.344230575196757
2024-02-16-izmir-karabaglar,7.389240081136005
2024-02-16-izmir-karaburun,6.999259538830701
2024-02-16-izmir-karsiyaka,6.853869845290163
2024-02-16-izmir-kemalpasa,7.106228767283579
2024-02-16-izmir-kinik,7.133837052757098
2024-02-16-izmir-kiraz,6.256609272698265
2024-02-16-izmir-konak,6.771282498499348
2024-02-16-izmir-menderes,6.027820598494518
2024-02-16-izmir-menemen,5.973499784345533
2024-02-16-izmir-odemis,5.543889801083589
2024-02-16-izmir-seferihisar,5.968321569914998
2024-02-16-izmir-tire,5.959361731311713
2024-02-16-izmir-torbali,6.287671181848248
2024-02-16-izmir-urla,6.276976246892417
2024-02-16-manisa-akhisar,6.9524980702307815
2024-02-16-manisa-alasehir,6.781634592230807
2024-02-16-manisa-demirci,6.080171565999445
2024-02-16-manisa-golmarmara,6.065435715273447
2024-02-16-manisa-gordes,6.136014001524239
2024-02-16-manisa-kirkagac,6.142858009936343
2024-02-16-manisa-koprubasi,6.142858009936343
2024-02-16-manisa-salihli,6.2610333452807225
2024-02-16-manisa-sarigol,6.400964121382839
2024-02-16-manisa-saruhanli,6.399946144026973
2024-02-16-manisa-sehzadeler,6.05717389626351
2024-02-16-manisa-selendi,6.379570870834077
2024-02-16-manisa-soma,6.093302844675992
2024-02-16-manisa-turgutlu,6.52844706997466
2024-02-16-manisa-yunusemre,7.006868901416604
2024-02-16-izmir-balcova,7.10467775872712
2024-02-16-izmir-beydag,8.107703146104477
2024-02-16-izmir-narlidere,5.878893723255331
2024-02-16-izmir-selcuk,6.046223701795117
2024-02-16-manisa-kula,6.039867005716433
2024-02-16-manisa-ahmetli,6.019294272895898
2024-02-17-izmir-aliaga,7.10467775872712
2024-02-17-izmir-bayindir,7.10467775872712
2024-02-17-izmir-bayrakli,7.640943859979643
2024-02-17-izmir-bergama,7.603199939349066
2024-02-17-izmir-bornova,8.753431015692469
2024-02-17-izmir-buca,7.977171122670793
2024-02-17-izmir-cesme,8.486831530471004
2024-02-17-izmir-cigli,7.365092069803778
2024-02-17-izmir-dikili,7.671470682585918
2024-02-17-izmir-foca,7.304444731430719
2024-02-17-izmir-gaziemir,7.2950537482353575
2024-02-17-izmir-guzelbahce,7.344230575196757
2024-02-17-izmir-karabaglar,7.030631453987731
2024-02-17-izmir-karaburun,7.304792882946668
2024-02-17-izmir-karsiyaka,6.853869845290163
2024-02-17-izmir-kemalpasa,7.106228767283579
2024-02-17-izmir-kinik,7.133837052757098
2024-02-17-izmir-kiraz,6.615217899846542
2024-02-17-izmir-konak,6.8432657999671545
2024-02-17-izmir-menderes,5.838805344911505
2024-02-17-izmir-menemen,6.043811447662745
2024-02-17-izmir-odemis,5.923047494856813
2024-02-17-izmir-seferihisar,5.968321569914998
2024-02-17-izmir-tire,5.586889225735289
2024-02-17-izmir-torbali,6.287671181848248
2024-02-17-izmir-urla,6.3004468779370555
2024-02-17-manisa-akhisar,6.630101095660217
2024-02-17-manisa-alasehir,6.781634592230807
2024-02-17-manisa-demirci,6.080171565999445
2024-02-17-manisa-golmarmara,6.065435715273447
2024-02-17-manisa-gordes,6.136014001524239
2024-02-17-manisa-kirkagac,6.142858009936343
2024-02-17-manisa-koprubasi,6.142858009936343
2024-02-17-manisa-salihli,6.500216422617369
2024-02-17-manisa-sarigol,6.400964121382839
2024-02-17-manisa-saruhanli,6.399946144026973
2024-02-17-manisa-sehzadeler,6.05717389626351
2024-02-17-manisa-selendi,6.379570870834077
2024-02-17-manisa-soma,6.093302844675992
2024-02-17-manisa-turgutlu,6.2709815474156905
2024-02-17-manisa-yunusemre,7.227509189617851
2024-02-17-izmir-balcova,7.10467775872712
2024-02-17-izmir-beydag,8.107703146104477
2024-02-17-izmir-narlidere,5.878893723255331
2024-02-17-izmir-selcuk,6.046223701795117
2024-02-17-manisa-kula,6.362263980286999
2024-02-17-manisa-ahmetli,6.391766778472324
2024-02-18-izmir-aliaga,6.793744990474911
2024-02-18-izmir-bayindir,7.358650614323356
2024-02-18-izmir-bayrakli,7.894916715575877
2024-02-18-izmir-bergama,8.118171349996121
2024-02-18-izmir-bornova,9.007403871288703
2024-02-18-izmir-buca,8.684893778224843
2024-02-18-izmir-cesme,8.633233856919727
2024-02-18-izmir-cigli,7.6190649254000125
2024-02-18-izmir-dikili,7.925443538182152
2024-02-18-izmir-foca,7.55841758702695
2024-02-18-izmir-gaziemir,7.190417976683312
2024-02-18-izmir-guzelbahce,7.598203430792989
2024-02-18-izmir-karabaglar,7.643212936732239
2024-02-18-izmir-karaburun,7.2532323944269335
2024-02-18-izmir-karsiyaka,7.107842700886396
2024-02-18-izmir-kemalpasa,7.360201622879813
2024-02-18-izmir-kinik,7.387809908353331
2024-02-18-izmir-kiraz,6.869190755442779
2024-02-18-izmir-konak,7.025255354095584
2024-02-18-izmir-menderes,5.902635760317526
2024-02-18-izmir-menemen,6.297784303258977
2024-02-18-izmir-odemis,6.177020350453048
2024-02-18-izmir-seferihisar,6.222294425511233
2024-02-18-izmir-tire,6.213334586907949
2024-02-18-izmir-torbali,6.541644037444482
2024-02-18-izmir-urla,6.5544197335332886
2024-02-18-manisa-akhisar,6.88407395125645
2024-02-18-manisa-alasehir,7.035607447827042
2024-02-18-manisa-demirci,6.0117474470251135
2024-02-18-manisa-golmarmara,6.319408570869682
2024-02-18-manisa-gordes,6.067589882549908
2024-02-18-manisa-kirkagac,6.3968308655325785
2024-02-18-manisa-koprubasi,6.3968308655325785
2024-02-18-manisa-salihli,6.515006200876956
2024-02-18-manisa-sarigol,6.654936976979071
2024-02-18-manisa-saruhanli,6.653918999623206
2024-02-18-manisa-sehzadeler,6.311146751859745
2024-02-18-manisa-selendi,6.633543726430309
2024-02-18-manisa-soma,6.638210907245011
2024-02-18-manisa-turgutlu,6.524954403011927
2024-02-18-manisa-yunusemre,7.2503822932872835
2024-02-18-izmir-balcova,7.358650614323356
2024-02-18-izmir-beydag,7.779609199544648
2024-02-18-izmir-narlidere,6.132866578851566
2024-02-18-izmir-selcuk,6.3001965573913505
2024-02-18-manisa-kula,6.293839861312668
2024-02-18-manisa-ahmetli,6.273267128492134
2024-02-19-izmir-aliaga,7.5176167763599455
2024-02-19-izmir-bayindir,6.952711152511503
2024-02-19-izmir-bayrakli,7.373430707202738
2024-02-19-izmir-bergama,7.724676570534465
2024-02-19-izmir-bornova,8.866048259270785
2024-02-19-izmir-buca,8.843859940261433
2024-02-19-izmir-cesme,8.63877199305301
2024-02-19-izmir-cigli,8.078352861491114
2024-02-19-izmir-dikili,8.026122847124977
2024-02-19-izmir-foca,7.741184197756244
2024-02-19-izmir-gaziemir,7.731793214560883
2024-02-19-izmir-guzelbahce,7.7319338996872995
2024-02-19-izmir-karabaglar,7.7769434056265485
2024-02-19-izmir-karaburun,7.387015510671155
2024-02-19-izmir-karsiyaka,7.600234444278892
2024-02-19-izmir-kemalpasa,7.493984739124032
2024-02-19-izmir-kinik,7.162984397449276
2024-02-19-izmir-kiraz,6.644365244538721
2024-02-19-izmir-konak,6.7798807765665785
2024-02-19-izmir-menderes,6.415576570334973
2024-02-19-izmir-menemen,6.003353836703862
2024-02-19-izmir-odemis,6.310803466697267
2024-02-19-izmir-seferihisar,6.356077541755454
2024-02-19-izmir-tire,6.347117703152168
2024-02-19-izmir-torbali,6.658800793345302
2024-02-19-izmir-urla,6.481570182326133
2024-02-19-manisa-akhisar,7.323627681727837
2024-02-19-manisa-alasehir,7.012833427625746
2024-02-19-manisa-demirci,6.4513011774965
2024-02-19-manisa-golmarmara,6.436565326770502
2024-02-19-manisa-gordes,6.507143613021294
2024-02-19-manisa-kirkagac,6.1915906468628314
2024-02-19-manisa-koprubasi,6.1915906468628314
2024-02-19-manisa-salihli,6.449696758309326
2024-02-19-manisa-sarigol,6.871346034114421
2024-02-19-manisa-saruhanli,6.44867878095346
2024-02-19-manisa-sehzadeler,6.610769706229013
2024-02-19-manisa-selendi,6.750700482331128
2024-02-19-manisa-soma,6.7553676631458295
2024-02-19-manisa-turgutlu,6.872843284789006
2024-02-19-manisa-yunusemre,7.4047789848390835
2024-02-19-izmir-balcova,7.5176167763599455
2024-02-19-izmir-beydag,8.520642163737305
2024-02-19-izmir-narlidere,6.266649695095785
2024-02-19-izmir-selcuk,6.433979673635572
2024-02-19-manisa-kula,6.7333935917840515
2024-02-19-manisa-ahmetli,6.762896389969376
2024-02-20-izmir-aliaga,7.449085378615714
2024-02-20-izmir-bayindir,6.884179754767272
2024-02-20-izmir-bayrakli,7.590788784523399
2024-02-20-izmir-bergama,8.238211974946298
2024-02-20-izmir-bornova,9.093127842034514
2024-02-20-izmir-buca,8.31686794901284
2024-02-20-izmir-cesme,8.565529801762231
2024-02-20-izmir-cigli,8.021481152486583
2024-02-20-izmir-dikili,7.668929364065936
2024-02-20-izmir-foca,7.3257038616034365
2024-02-20-izmir-gaziemir,7.674921505556352
2024-02-20-izmir-guzelbahce,7.316453563534491
2024-02-20-izmir-karabaglar,7.361463069473739
2024-02-20-izmir-karaburun,7.330143801666624
2024-02-20-izmir-karsiyaka,7.543362735274361
2024-02-20-izmir-kemalpasa,7.438681570357186
2024-02-20-izmir-kinik,7.10768122868243
2024-02-20-izmir-kiraz,6.589062075771876
2024-02-20-izmir-konak,7.103735301572959
2024-02-20-izmir-menderes,6.360273401568127
2024-02-20-izmir-menemen,6.305952587419142
2024-02-20-izmir-odemis,6.255500297930421
2024-02-20-izmir-seferihisar,6.300774372988608
2024-02-20-izmir-tire,6.291814534385322
2024-02-20-izmir-torbali,6.603497624578456
2024-02-20-izmir-urla,6.592802689622622
2024-02-20-manisa-akhisar,6.945927538390424
2024-02-20-manisa-alasehir,7.1240659349222355
2024-02-20-manisa-demirci,6.395998008729653
2024-02-20-manisa-golmarmara,6.381262158003656
2024-02-20-manisa-gordes,6.451840444254447
2024-02-20-manisa-kirkagac,6.458684452666551
2024-02-20-manisa-koprubasi,6.136287478095985
2024-02-20-manisa-salihli,6.394393589542481
2024-02-20-manisa-sarigol,6.716790564113044
2024-02-20-manisa-saruhanli,6.715772586757179
2024-02-20-manisa-sehzadeler,6.373000338993719
2024-02-20-manisa-selendi,6.695397313564283
2024-02-20-manisa-soma,6.700064494378983
2024-02-20-manisa-turgutlu,6.8598673016031615
2024-02-20-manisa-yunusemre,7.161903378767265
2024-02-20-izmir-balcova,7.449085378615714
2024-02-20-izmir-beydag,8.452110765993075
2024-02-20-izmir-narlidere,6.21134652632894
2024-02-20-izmir-selcuk,6.378676504868726
2024-02-20-manisa-kula,6.678090423017205
2024-02-20-manisa-ahmetli,6.70759322120253
2024-02-21-izmir-aliaga,7.449085378615714
2024-02-21-izmir-bayindir,6.884179754767272
2024-02-21-izmir-bayrakli,7.304899309458505
2024-02-21-izmir-bergama,8.238211974946298
2024-02-21-izmir-bornova,9.093127842034514
2024-02-21-izmir-buca,8.31686794901284
2024-02-21-izmir-cesme,8.718957827665538
2024-02-21-izmir-cigli,8.07976800558035
2024-02-21-izmir-dikili,8.027537991214212
2024-02-21-izmir-foca,7.684312488751713
2024-02-21-izmir-gaziemir,7.674921505556352
2024-02-21-izmir-guzelbahce,7.675062190682768
2024-02-21-izmir-karabaglar,7.720071696622016
2024-02-21-izmir-karaburun,7.330143801666624
2024-02-21-izmir-karsiyaka,7.184754108126084
2024-02-21-izmir-kemalpasa,7.438681570357186
2024-02-21-izmir-kinik,7.466289855830706
2024-02-21-izmir-kiraz,6.947670702920154
2024-02-21-izmir-konak,7.103735301572959
2024-02-21-izmir-menderes,6.360273401568127
2024-02-21-izmir-menemen,6.305952587419142
2024-02-21-izmir-odemis,6.255500297930421
2024-02-21-izmir-seferihisar,6.127312702330669
2024-02-21-izmir-tire,6.291814534385322
2024-02-21-izmir-torbali,6.603497624578456
2024-02-21-izmir-urla,6.243800815090837
2024-02-21-manisa-akhisar,6.945927538390424
2024-02-21-manisa-alasehir,7.097461034961017
2024-02-21-manisa-demirci,6.395998008729653
2024-02-21-manisa-golmarmara,6.381262158003656
2024-02-21-manisa-gordes,6.129443469683881
2024-02-21-manisa-kirkagac,6.458684452666551
2024-02-21-manisa-koprubasi,6.458684452666551
2024-02-21-manisa-salihli,6.716790564113044
2024-02-21-manisa-sarigol,6.394393589542481
2024-02-21-manisa-saruhanli,6.715772586757179
2024-02-21-manisa-sehzadeler,6.695397313564283
2024-02-21-manisa-selendi,6.695397313564283
2024-02-21-manisa-soma,6.700064494378983
2024-02-21-manisa-turgutlu,6.629135175726902
2024-02-21-manisa-yunusemre,7.382543666968513
2024-02-21-izmir-balcova,7.449085378615714
2024-02-21-izmir-beydag,8.452110765993075
2024-02-21-izmir-narlidere,6.21134652632894
2024-02-21-izmir-selcuk,6.378676504868726
2024-02-21-manisa-kula,6.355693448446642
2024-02-21-manisa-ahmetli,6.70759322120253
2024-02-22-izmir-aliaga,7.424718788772131
2024-02-22-izmir-bayindir,7.424718788772131
2024-02-22-izmir-bayrakli,7.2705382280831135
2024-02-22-izmir-bergama,8.213845385102713
2024-02-22-izmir-bornova,9.31976531570994
2024-02-22-izmir-buca,8.582828641691956
2024-02-22-izmir-cesme,8.721855612120446
2024-02-22-izmir-cigli,8.055401415736766
2024-02-22-izmir-dikili,8.003171401370627
2024-02-22-izmir-foca,7.291342780228044
2024-02-22-izmir-gaziemir,7.6505549157127675
2024-02-22-izmir-guzelbahce,7.6506956008391835
2024-02-22-izmir-karabaglar,7.695705106778432
2024-02-22-izmir-karaburun,7.664385838971316
2024-02-22-izmir-karsiyaka,7.518996145430776
2024-02-22-izmir-kemalpasa,7.414314980513602
2024-02-22-izmir-kinik,7.441923265987121
2024-02-22-izmir-kiraz,6.923304113076569
2024-02-22-izmir-konak,6.880358966614552
2024-02-22-izmir-menderes,6.335906811724542
2024-02-22-izmir-menemen,6.553166935155077
2024-02-22-izmir-odemis,5.841981522781804
2024-02-22-izmir-seferihisar,5.88725559783999
2024-02-22-izmir-tire,6.2280849242124825
2024-02-22-izmir-torbali,6.57913103473487
2024-02-22-izmir-urla,6.591906730823677
2024-02-22-manisa-akhisar,6.911566457015031
2024-02-22-manisa-alasehir,6.740702979015056
2024-02-22-manisa-demirci,6.221706151252144
2024-02-22-manisa-golmarmara,6.356895568160072
2024-02-22-manisa-gordes,6.7279954299077005
2024-02-22-manisa-kirkagac,6.434317862822967
2024-02-22-manisa-koprubasi,6.434317862822967
2024-02-22-manisa-salihli,6.69242397426946
2024-02-22-manisa-sarigol,6.69242397426946
2024-02-22-manisa-saruhanli,6.359014530811222
2024-02-22-manisa-sehzadeler,6.3386392576183255
2024-02-22-manisa-selendi,6.6710307237206985
2024-02-22-manisa-soma,6.675697904535399
2024-02-22-manisa-turgutlu,6.835500711759577
2024-02-22-manisa-yunusemre,7.425009362841228
2024-02-22-izmir-balcova,7.424718788772131
2024-02-22-izmir-beydag,7.835682882461616
2024-02-22-izmir-narlidere,6.186979936485356
2024-02-22-izmir-selcuk,6.354309915025142
2024-02-22-manisa-kula,6.503798565539697
2024-02-22-manisa-ahmetli,6.300759634250712
2024-02-23-izmir-aliaga,7.424718788772131
2024-02-23-izmir-bayindir,6.849818673391878
2024-02-23-izmir-bayrakli,7.817426258198825
2024-02-23-izmir-bergama,7.621784091414841
2024-02-23-izmir-bornova,9.05876676065912
2024-02-23-izmir-buca,8.74625115912707
2024-02-23-izmir-cesme,8.230846946332331
2024-02-23-izmir-cigli,7.686798297056681
2024-02-23-izmir-dikili,8.003171401370627
2024-02-23-izmir-foca,7.659945898908129
2024-02-23-izmir-gaziemir,7.6505549157127675
2024-02-23-izmir-guzelbahce,7.6506956008391835
2024-02-23-izmir-karabaglar,7.818110653886464
2024-02-23-izmir-karaburun,7.29578272029123
2024-02-23-izmir-karsiyaka,7.518996145430776
2024-02-23-izmir-kemalpasa,7.414314980513602
2024-02-23-izmir-kinik,7.073320147307038
2024-02-23-izmir-kiraz,6.923304113076569
2024-02-23-izmir-konak,7.07104585834816
2024-02-23-izmir-menderes,6.335906811724542
2024-02-23-izmir-menemen,5.913689586561623
2024-02-23-izmir-odemis,6.047677545897091
2024-02-23-izmir-seferihisar,6.092951620955276
2024-02-23-izmir-tire,6.267447944541738
2024-02-23-izmir-torbali,6.57913103473487
2024-02-23-izmir-urla,6.391905932183894
2024-02-23-manisa-akhisar,6.911566457015031
2024-02-23-manisa-alasehir,7.073094445117433
2024-02-23-manisa-demirci,6.37163141888607
2024-02-23-manisa-golmarmara,6.356895568160072
2024-02-23-manisa-gordes,6.427473854410863
2024-02-23-manisa-kirkagac,6.101926396720591
2024-02-23-manisa-koprubasi,6.434317862822967
2024-02-23-manisa-salihli,6.360032508167087
2024-02-23-manisa-sarigol,6.69242397426946
2024-02-23-manisa-saruhanli,6.691405996913595
2024-02-23-manisa-sehzadeler,6.6710307237206985
2024-02-23-manisa-selendi,6.6710307237206985
2024-02-23-manisa-soma,6.675697904535399
2024-02-23-manisa-turgutlu,6.835500711759577
2024-02-23-manisa-yunusemre,7.339594339778329
2024-02-23-izmir-balcova,7.424718788772131
2024-02-23-izmir-beydag,8.42774417614949
2024-02-23-izmir-narlidere,6.186979936485356
2024-02-23-izmir-selcuk,6.354309915025142
2024-02-23-manisa-kula,6.742981642876343
2024-02-23-manisa-ahmetli,6.683226631358946
2024-02-24-izmir-aliaga,7.457051108039216
2024-02-24-izmir-bayindir,7.358727359457465
2024-02-24-izmir-bayrakli,7.302870547350198
2024-02-24-izmir-bergama,8.2461777043698
2024-02-24-izmir-bornova,9.352097634977024
2024-02-24-izmir-buca,8.87615951600986
2024-02-24-izmir-cesme,8.263179265599417
2024-02-24-izmir-cigli,8.087733735003852
2024-02-24-izmir-dikili,8.035503720637713
2024-02-24-izmir-foca,7.692278218175215
2024-02-24-izmir-gaziemir,7.682887234979853
2024-02-24-izmir-guzelbahce,7.6830279201062694
2024-02-24-izmir-karabaglar,7.659756081419942
2024-02-24-izmir-karaburun,7.6336483836742834
2024-02-24-izmir-karsiyaka,7.182725346017776
2024-02-24-izmir-kemalpasa,7.078044181100603
2024-02-24-izmir-kinik,7.379476143568015
2024-02-24-izmir-kiraz,6.955636432343655
2024-02-24-izmir-konak,6.722548845691425
2024-02-24-izmir-menderes,6.368239130991628
2024-02-24-izmir-menemen,6.136164346018921
2024-02-24-izmir-odemis,5.87431384204889
2024-02-24-izmir-seferihisar,6.308740102412108
2024-02-24-izmir-tire,6.0926577641876545
2024-02-24-izmir-torbali,6.228996356893723
2024-02-24-izmir-urla,6.590773927514316
2024-02-24-manisa-akhisar,7.292900650813903
2024-02-24-manisa-alasehir,7.105426764384519
2024-02-24-manisa-demirci,6.07157227205078
2024-02-24-manisa-golmarmara,6.389227887427157
2024-02-24-manisa-gordes,6.45980617367795
2024-02-24-manisa-kirkagac,6.466650182090053
2024-02-24-manisa-koprubasi,6.466650182090053
2024-02-24-manisa-salihli,6.7247562935365455
2024-02-24-manisa-sarigol,6.7247562935365455
2024-02-24-manisa-saruhanli,6.723738316180681
2024-02-24-manisa-sehzadeler,6.703918308645074
2024-02-24-manisa-selendi,6.703363042987784
2024-02-24-manisa-soma,6.708030223802486
2024-02-24-manisa-turgutlu,6.867833031026663
2024-02-24-manisa-yunusemre,7.371926659045416
2024-02-24-izmir-balcova,7.457051108039216
2024-02-24-izmir-beydag,7.868015201728702
2024-02-24-izmir-narlidere,6.035856093562694
2024-02-24-izmir-selcuk,6.386642234292228
2024-02-24-manisa-kula,6.353664686338334
2024-02-24-manisa-ahmetli,6.715558950626032
2024-02-25-izmir-aliaga,7.635278529519616
2024-02-25-izmir-bayindir,7.635278529519616
2024-02-25-izmir-bayrakli,8.171544630772145
2024-02-25-izmir-bergama,7.83234383216233
2024-02-25-izmir-bornova,9.269326501406608
2024-02-25-izmir-buca,8.493066608384934
2024-02-25-izmir-cesme,8.905150978569441
2024-02-25-izmir-cigli,7.89735803780417
2024-02-25-izmir-dikili,8.213731142118117
2024-02-25-izmir-foca,7.870505639655617
2024-02-25-izmir-gaziemir,7.861114656460255
2024-02-25-izmir-guzelbahce,7.861255341586671
2024-02-25-izmir-karabaglar,7.90626484752592
2024-02-25-izmir-karaburun,7.506342461038719
2024-02-25-izmir-karsiyaka,7.729555886178264
2024-02-25-izmir-kemalpasa,7.2562716025810055
2024-02-25-izmir-kinik,7.6524830067346095
2024-02-25-izmir-kiraz,6.765260735143972
2024-02-25-izmir-konak,6.900776267171828
2024-02-25-izmir-menderes,6.157314367166995
2024-02-25-izmir-menemen,6.314391767499322
2024-02-25-izmir-odemis,6.441693448834325
2024-02-25-izmir-seferihisar,6.486967523892511
2024-02-25-izmir-tire,6.508956328277182
2024-02-25-izmir-torbali,6.582568275861188
2024-02-25-izmir-urla,6.602465672931382
2024-02-25-manisa-akhisar,7.122126197762519
2024-02-25-manisa-alasehir,6.9512627197625445
2024-02-25-manisa-demirci,6.582191159633556
2024-02-25-manisa-golmarmara,6.567455308907557
2024-02-25-manisa-gordes,6.638033595158349
2024-02-25-manisa-kirkagac,6.644877603570453
2024-02-25-manisa-koprubasi,6.644877603570453
2024-02-25-manisa-salihli,6.9029837150169495
2024-02-25-manisa-sarigol,6.9029837150169495
2024-02-25-manisa-saruhanli,6.569574271558709
2024-02-25-manisa-sehzadeler,6.881590464468188
2024-02-25-manisa-selendi,6.881590464468188
2024-02-25-manisa-soma,6.585327946778294
2024-02-25-manisa-turgutlu,6.805333835098995
2024-02-25-manisa-yunusemre,7.707635763711145
2024-02-25-izmir-balcova,7.635278529519616
2024-02-25-izmir-beydag,8.638303916896977
2024-02-25-izmir-narlidere,6.397539677232843
2024-02-25-izmir-selcuk,6.564869655772629
2024-02-25-manisa-kula,6.531892107818734
2024-02-25-manisa-ahmetli,6.893786372106435
2024-02-26-izmir-aliaga,7.060378414139366
2024-02-26-izmir-bayindir,7.060378414139366
2024-02-26-izmir-bayrakli,7.957674335629102
2024-02-26-izmir-bergama,7.83234383216233
2024-02-26-izmir-bornova,9.269326501406608
2024-02-26-izmir-buca,8.493066608384934
2024-02-26-izmir-cesme,8.741728461134326
2024-02-26-izmir-cigli,8.265961156484254
2024-02-26-izmir-dikili,8.213731142118117
2024-02-26-izmir-foca,7.870505639655617
2024-02-26-izmir-gaziemir,7.861114656460255
2024-02-26-izmir-guzelbahce,7.861255341586671
2024-02-26-izmir-karabaglar,7.90626484752592
2024-02-26-izmir-karaburun,7.811875805154687
2024-02-26-izmir-karsiyaka,7.729555886178264
2024-02-26-izmir-kemalpasa,7.561804946696973
2024-02-26-izmir-kinik,7.283879888054525
2024-02-26-izmir-kiraz,7.1338638538240575
2024-02-26-izmir-konak,7.289928452476863
2024-02-26-izmir-menderes,6.157314367166995
2024-02-26-izmir-menemen,6.314391767499322
2024-02-26-izmir-odemis,6.441693448834325
2024-02-26-izmir-seferihisar,6.486967523892511
2024-02-26-izmir-tire,6.478007685289226
2024-02-26-izmir-torbali,6.78969077548236
2024-02-26-izmir-urla,6.602465672931382
2024-02-26-manisa-akhisar,7.122126197762519
2024-02-26-manisa-alasehir,6.9512627197625445
2024-02-26-manisa-demirci,6.249799693531182
2024-02-26-manisa-golmarmara,6.567455308907557
2024-02-26-manisa-gordes,6.638033595158349
2024-02-26-manisa-kirkagac,6.644877603570453
2024-02-26-manisa-koprubasi,6.644877603570453
2024-02-26-manisa-salihli,6.570592248914574
2024-02-26-manisa-sarigol,6.9029837150169495
2024-02-26-manisa-saruhanli,6.569574271558709
2024-02-26-manisa-sehzadeler,6.549198998365812
2024-02-26-manisa-selendi,6.881590464468188
2024-02-26-manisa-soma,6.585327946778294
2024-02-26-manisa-turgutlu,7.046060452507065
2024-02-26-manisa-yunusemre,7.568736817872416
2024-02-26-izmir-balcova,7.635278529519616
2024-02-26-izmir-beydag,8.638303916896977
2024-02-26-izmir-narlidere,6.397539677232843
2024-02-26-izmir-selcuk,6.564869655772629
2024-02-26-manisa-kula,6.86428357392111
2024-02-26-manisa-ahmetli,6.893786372106435
2024-02-27-izmir-aliaga,7.635278529519616
2024-02-27-izmir-bayindir,7.635278529519616
2024-02-27-izmir-bayrakli,7.766987443895493
2024-02-27-izmir-bergama,8.424405125850203
2024-02-27-izmir-bornova,9.269326501406608
2024-02-27-izmir-buca,8.956810899874556
2024-02-27-izmir-cesme,8.44140668707982
2024-02-27-izmir-cigli,8.265961156484254
2024-02-27-izmir-dikili,8.213731142118117
2024-02-27-izmir-foca,7.870505639655617
2024-02-27-izmir-gaziemir,7.861114656460255
2024-02-27-izmir-guzelbahce,7.861255341586671
2024-02-27-izmir-karabaglar,7.90626484752592
2024-02-27-izmir-karaburun,7.506342461038719
2024-02-27-izmir-karsiyaka,7.360952767498178
2024-02-27-izmir-kemalpasa,7.2562716025810055
2024-02-27-izmir-kinik,7.6524830067346095
2024-02-27-izmir-kiraz,6.765260735143972
2024-02-27-izmir-konak,7.281605599095649
2024-02-27-izmir-menderes,6.157314367166995
2024-02-27-izmir-menemen,6.482151246791236
2024-02-27-izmir-odemis,6.258237286644577
2024-02-27-izmir-seferihisar,6.486967523892511
2024-02-27-izmir-tire,6.095540688180993
2024-02-27-izmir-torbali,6.78969077548236
2024-02-27-izmir-urla,6.602465672931382
2024-02-27-manisa-akhisar,7.454517663864896
2024-02-27-manisa-alasehir,7.133728918230997
2024-02-27-manisa-demirci,6.582191159633556
2024-02-27-manisa-golmarmara,6.567455308907557
2024-02-27-manisa-gordes,6.638033595158349
2024-02-27-manisa-kirkagac,6.644877603570453
2024-02-27-manisa-koprubasi,6.644877603570453
2024-02-27-manisa-salihli,6.9029837150169495
2024-02-27-manisa-sarigol,6.9029837150169495
2024-02-27-manisa-saruhanli,6.901965737661085
2024-02-27-manisa-sehzadeler,6.881590464468188
2024-02-27-manisa-selendi,6.881590464468188
2024-02-27-manisa-soma,6.585327946778294
2024-02-27-manisa-turgutlu,7.046060452507065
2024-02-27-manisa-yunusemre,7.568736817872416
2024-02-27-izmir-balcova,7.635278529519616
2024-02-27-izmir-beydag,8.638303916896977
2024-02-27-izmir-narlidere,6.397539677232843
2024-02-27-izmir-selcuk,6.564869655772629
2024-02-27-manisa-kula,6.531892107818734
2024-02-27-manisa-ahmetli,6.893786372106435
2024-02-28-izmir-aliaga,7.640000310977133
2024-02-28-izmir-bayindir,7.640000310977133
2024-02-28-izmir-bayrakli,7.485819750288117
2024-02-28-izmir-bergama,7.8370656136198455
2024-02-28-izmir-bornova,9.464735174597731
2024-02-28-izmir-buca,8.497788389842452
2024-02-28-izmir-cesme,8.446128468537337
2024-02-28-izmir-cigli,8.270682937941771
2024-02-28-izmir-dikili,7.84984980489555
2024-02-28-izmir-foca,7.8752274211131335
2024-02-28-izmir-gaziemir,7.865836437917772
2024-02-28-izmir-guzelbahce,7.497374004364103
2024-02-28-izmir-karabaglar,7.84270528435786
2024-02-28-izmir-karaburun,7.87966736117632
2024-02-28-izmir-karsiyaka,7.861894784805273
2024-02-28-izmir-kemalpasa,7.566526728154489
2024-02-28-izmir-kinik,7.657204788192127
2024-02-28-izmir-kiraz,7.04380619359538
2024-02-28-izmir-konak,7.29465023393438
2024-02-28-izmir-menderes,6.551188333929547
2024-02-28-izmir-menemen,6.486873028248754
2024-02-28-izmir-odemis,6.4464152302918425
2024-02-28-izmir-seferihisar,6.491689305350028
2024-02-28-izmir-tire,6.482729466746743
2024-02-28-izmir-torbali,6.794412556939878
2024-02-28-izmir-urla,6.807188253028684
2024-02-28-manisa-akhisar,7.459239445322412
2024-02-28-manisa-alasehir,7.2883759673224375
2024-02-28-manisa-demirci,6.5869129410910725
2024-02-28-manisa-golmarmara,6.572177090365074
2024-02-28-manisa-gordes,6.642755376615867
2024-02-28-manisa-kirkagac,6.649599385027971
2024-02-28-manisa-koprubasi,6.649599385027971
2024-02-28-manisa-salihli,6.57531403037209
2024-02-28-manisa-sarigol,6.57531403037209
2024-02-28-manisa-saruhanli,6.906687519118601
2024-02-28-manisa-sehzadeler,6.886312245925704
2024-02-28-manisa-selendi,6.553920779823329
2024-02-28-manisa-soma,6.890979426740405
2024-02-28-manisa-turgutlu,7.050782233964582
2024-02-28-manisa-yunusemre,7.342823819596877
2024-02-28-izmir-balcova,7.640000310977133
2024-02-28-izmir-beydag,8.643025698354494
2024-02-28-izmir-narlidere,6.402261458690361
2024-02-28-izmir-selcuk,6.569591437230146
2024-02-28-manisa-kula,6.8690053553786266
2024-02-28-manisa-ahmetli,6.516041156455717
2024-02-29-izmir-aliaga,7.640000310977133
2024-02-29-izmir-bayindir,7.640000310977133
2024-02-29-izmir-bayrakli,7.485819750288117
2024-02-29-izmir-bergama,8.31921489180088
2024-02-29-izmir-bornova,9.274048282864126
2024-02-29-izmir-buca,8.988797055630567
2024-02-29-izmir-cesme,9.007448797642663
2024-02-29-izmir-cigli,8.270682937941771
2024-02-29-izmir-dikili,8.218452923575633
2024-02-29-izmir-foca,7.8752274211131335
2024-02-29-izmir-gaziemir,7.865836437917772
2024-02-29-izmir-guzelbahce,7.865977123044188
2024-02-29-izmir-karabaglar,8.03339217609147
2024-02-29-izmir-karaburun,7.87966736117632
2024-02-29-izmir-karsiyaka,7.73427766763578
2024-02-29-izmir-kemalpasa,7.6295965027186075
2024-02-29-izmir-kinik,7.657204788192127
2024-02-29-izmir-kiraz,7.138585635281574
2024-02-29-izmir-konak,7.29465023393438
2024-02-29-izmir-menderes,6.551188333929547
2024-02-29-izmir-menemen,6.319113548956839
2024-02-29-izmir-odemis,6.05726304498681
2024-02-29-izmir-seferihisar,6.491689305350028
2024-02-29-izmir-tire,6.100262469638509
2024-02-29-izmir-torbali,6.794412556939878
2024-02-29-izmir-urla,6.6071874543888995
2024-02-29-manisa-akhisar,7.459239445322412
2024-02-29-manisa-alasehir,7.2883759673224375
2024-02-29-manisa-demirci,6.254521474988699
2024-02-29-manisa-golmarmara,6.572177090365074
2024-02-29-manisa-gordes,6.642755376615867
2024-02-29-manisa-kirkagac,6.649599385027971
2024-02-29-manisa-koprubasi,6.649599385027971
2024-02-29-manisa-salihli,6.907705496474467
2024-02-29-manisa-sarigol,6.57531403037209
2024-02-29-manisa-saruhanli,6.906687519118601
2024-02-29-manisa-sehzadeler,6.73638697829178
2024-02-29-manisa-selendi,6.553920779823329
2024-02-29-manisa-soma,6.890979426740405
2024-02-29-manisa-turgutlu,7.050782233964582
2024-02-29-manisa-yunusemre,7.342823819596877
2024-02-29-izmir-balcova,7.640000310977133
2024-02-29-izmir-beydag,8.643025698354494
2024-02-29-izmir-narlidere,6.402261458690361
2024-02-29-izmir-selcuk,6.569591437230146
2024-02-29-manisa-kula,6.8690053553786266
2024-02-29-manisa-ahmetli,6.898508153563952
